y,z,theta
0.00000000,0.00000000,7.500000000000e-01
0.01612903,0.00000000,5.000000000000e-01
0.04838710,0.00000000,5.000000000000e-01
0.08064516,0.00000000,5.000000000000e-01
0.11290323,0.00000000,5.000000000000e-01
0.14516129,0.00000000,5.000000000000e-01
0.17741935,0.00000000,5.000000000000e-01
0.20967742,0.00000000,5.000000000000e-01
0.24193548,0.00000000,5.000000000000e-01
0.27419355,0.00000000,5.000000000000e-01
0.30645161,0.00000000,5.000000000000e-01
0.33870968,0.00000000,5.000000000000e-01
0.37096774,0.00000000,5.000000000000e-01
0.40322581,0.00000000,5.000000000000e-01
0.43548387,0.00000000,5.000000000000e-01
0.46774194,0.00000000,5.000000000000e-01
0.50000000,0.00000000,5.000000000000e-01
0.53225806,0.00000000,5.000000000000e-01
0.56451613,0.00000000,5.000000000000e-01
0.59677419,0.00000000,5.000000000000e-01
0.62903226,0.00000000,5.000000000000e-01
0.66129032,0.00000000,5.000000000000e-01
0.69354839,0.00000000,5.000000000000e-01
0.72580645,0.00000000,5.000000000000e-01
0.75806452,0.00000000,5.000000000000e-01
0.79032258,0.00000000,5.000000000000e-01
0.82258065,0.00000000,5.000000000000e-01
0.85483871,0.00000000,5.000000000000e-01
0.88709677,0.00000000,5.000000000000e-01
0.91935484,0.00000000,5.000000000000e-01
0.95161290,0.00000000,5.000000000000e-01
0.98387097,0.00000000,5.000000000000e-01
1.00000000,0.00000000,5.000000000000e-01
0.00000000,0.01612903,1.000000000000e+00
0.01612903,0.01612903,7.590188629366e-01
0.04838710,0.01612903,6.879629146496e-01
0.08064516,0.01612903,6.410522159064e-01
0.11290323,0.01612903,6.109005245030e-01
0.14516129,0.01612903,5.909307254241e-01
0.17741935,0.01612903,5.771782864056e-01
0.20967742,0.01612903,5.672697499297e-01
0.24193548,0.01612903,5.597773086941e-01
0.27419355,0.01612903,5.538410612482e-01
0.30645161,0.01612903,5.489427706011e-01
0.33870968,0.01612903,5.447682077363e-01
0.37096774,0.01612903,5.411235119808e-01
0.40322581,0.01612903,5.378851681120e-01
0.43548387,0.01612903,5.349707879939e-01
0.46774194,0.01612903,5.323224506882e-01
0.50000000,0.01612903,5.298973419343e-01
0.53225806,0.01612903,5.276624377842e-01
0.56451613,0.01612903,5.255913194709e-01
0.59677419,0.01612903,5.236620383232e-01
0.62903226,0.01612903,5.218555303614e-01
0.66129032,0.01612903,5.201542086531e-01
0.69354839,0.01612903,5.185409553063e-01
0.72580645,0.01612903,5.169977224519e-01
0.75806452,0.01612903,5.155054810932e-01
0.79032258,0.01612903,5.140409260949e-01
0.82258065,0.01612903,5.125721164977e-01
0.85483871,0.01612903,5.110643764648e-01
0.88709677,0.01612903,5.094723998873e-01
0.91935484,0.01612903,5.077388422232e-01
0.95161290,0.01612903,5.058235592486e-01
0.98387097,0.01612903,5.037432281391e-01
1.00000000,0.01612903,5.000000000000e-01
0.00000000,0.04838710,1.000000000000e+00
0.01612903,0.04838710,8.317814837827e-01
0.04838710,0.04838710,7.631713340615e-01
0.08064516,0.04838710,7.075527441416e-01
0.11290323,0.04838710,6.711772926238e-01
0.14516129,0.04838710,6.460633837665e-01
0.17741935,0.04838710,6.278241187766e-01
0.20967742,0.04838710,6.139293274530e-01
0.24193548,0.04838710,6.028576990873e-01
0.27419355,0.04838710,5.936811660541e-01
0.30645161,0.04838710,5.858300345699e-01
0.33870968,0.04838710,5.789509834365e-01
0.37096774,0.04838710,5.728197798997e-01
0.40322581,0.04838710,5.672883637285e-01
0.43548387,0.04838710,5.622536467495e-01
0.46774194,0.04838710,5.576396441528e-01
0.50000000,0.04838710,5.533874071754e-01
0.53225806,0.04838710,5.494492360259e-01
0.56451613,0.04838710,5.457850962764e-01
0.59677419,0.04838710,5.423600098859e-01
0.62903226,0.04838710,5.391419912681e-01
0.66129032,0.04838710,5.360998529058e-01
0.69354839,0.04838710,5.332019110513e-01
0.72580645,0.04838710,5.304133280644e-01
0.75806452,0.04838710,5.276991026604e-01
0.79032258,0.04838710,5.250174272873e-01
0.82258065,0.04838710,5.222972386587e-01
0.85483871,0.04838710,5.194717728040e-01
0.88709677,0.04838710,5.164437818282e-01
0.91935484,0.04838710,5.130771787636e-01
0.95161290,0.04838710,5.093614794725e-01
0.98387097,0.04838710,5.056247478857e-01
1.00000000,0.04838710,5.000000000000e-01
0.00000000,0.08064516,1.000000000000e+00
0.01612903,0.08064516,8.755913694056e-01
0.04838710,0.08064516,8.195600404756e-01
0.08064516,0.08064516,7.660233006635e-01
0.11290323,0.08064516,7.267423459751e-01
0.14516129,0.08064516,6.977459372829e-01
0.17741935,0.08064516,6.756148521344e-01
0.20967742,0.08064516,6.580941717598e-01
0.24193548,0.08064516,6.437184649998e-01
0.27419355,0.08064516,6.315423082732e-01
0.30645161,0.08064516,6.209590696192e-01
0.33870968,0.08064516,6.115783933177e-01
0.37096774,0.08064516,6.031446225743e-01
0.40322581,0.08064516,5.954843338632e-01
0.43548387,0.08064516,5.884739850915e-01
0.46774194,0.08064516,5.820207103327e-01
0.50000000,0.08064516,5.760511512372e-01
0.53225806,0.08064516,5.705048275576e-01
0.56451613,0.08064516,5.653298980220e-01
0.59677419,0.08064516,5.604799579910e-01
0.62903226,0.08064516,5.559114710031e-01
0.66129032,0.08064516,5.515808734899e-01
0.69354839,0.08064516,5.474431610697e-01
0.72580645,0.08064516,5.434479874878e-01
0.75806452,0.08064516,5.395469484324e-01
0.79032258,0.08064516,5.356745538013e-01
0.82258065,0.08064516,5.317301861865e-01
0.85483871,0.08064516,5.276186680231e-01
0.88709677,0.08064516,5.231986130032e-01
0.91935484,0.08064516,5.182744416329e-01
0.95161290,0.08064516,5.128721044827e-01
0.98387097,0.08064516,5.073504617441e-01
1.00000000,0.08064516,5.000000000000e-01
0.00000000,0.11290323,1.000000000000e+00
0.01612903,0.11290323,9.008868117234e-01
0.04838710,0.11290323,8.522068015611e-01
0.08064516,0.11290323,8.034872959364e-01
0.11290323,0.11290323,7.652843107566e-01
0.14516129,0.11290323,7.355557029281e-01
0.17741935,0.11290323,7.118895297430e-01
0.20967742,0.11290323,6.925269276042e-01
0.24193548,0.11290323,6.762287350642e-01
0.27419355,0.11290323,6.621495965140e-01
0.30645161,0.11290323,6.497255935814e-01
0.33870968,0.11290323,6.385832586094e-01
0.37096774,0.11290323,6.284722142079e-01
0.40322581,0.11290323,6.192190474789e-01
0.43548387,0.11290323,6.106977387050e-01
0.46774194,0.11290323,6.028116419812e-01
0.50000000,0.11290323,5.954827950136e-01
0.53225806,0.11290323,5.886454416166e-01
0.56451613,0.11290323,5.822417899575e-01
0.59677419,0.11290323,5.762186730892e-01
0.62903226,0.11290323,5.705248362659e-01
0.66129032,0.11290323,5.651076050022e-01
0.69354839,0.11290323,5.599117765808e-01
0.72580645,0.11290323,5.548743286735e-01
0.75806452,0.11290323,5.499385503605e-01
0.79032258,0.11290323,5.450123932341e-01
0.82258065,0.11290323,5.399776748782e-01
0.85483871,0.11290323,5.347115642604e-01
0.88709677,0.11290323,5.290385350190e-01
0.91935484,0.11290323,5.227237571642e-01
0.95161290,0.11290323,5.158657536421e-01
0.98387097,0.11290323,5.088329870762e-01
1.00000000,0.11290323,5.000000000000e-01
0.00000000,0.14516129,1.000000000000e+00
0.01612903,0.14516129,9.157374840152e-01
0.04838710,0.14516129,8.717470580691e-01
0.08064516,0.14516129,8.273141449701e-01
0.11290323,0.14516129,7.911813004086e-01
0.14516129,0.14516129,7.620489689561e-01
0.17741935,0.14516129,7.381147084877e-01
0.20967742,0.14516129,7.180130088939e-01
0.24193548,0.14516129,7.007325334007e-01
0.27419355,0.14516129,6.855543303027e-01
0.30645161,0.14516129,6.719842084122e-01
0.33870968,0.14516129,6.596877610072e-01
0.37096774,0.14516129,6.484369434639e-01
0.40322581,0.14516129,6.380711913574e-01
0.43548387,0.14516129,6.284716183907e-01
0.46774194,0.14516129,6.195450050454e-01
0.50000000,0.14516129,6.112142272783e-01
0.53225806,0.14516129,6.034124336161e-01
0.56451613,0.14516129,5.960791932723e-01
0.59677419,0.14516129,5.891573459536e-01
0.62903226,0.14516129,5.825904075609e-01
0.66129032,0.14516129,5.763190901139e-01
0.69354839,0.14516129,5.702806592481e-01
0.72580645,0.14516129,5.644029446648e-01
0.75806452,0.14516129,5.586240277547e-01
0.79032258,0.14516129,5.528263508455e-01
0.82258065,0.14516129,5.468835030828e-01
0.85483871,0.14516129,5.406496313707e-01
0.88709677,0.14516129,5.339248890086e-01
0.91935484,0.14516129,5.264479854318e-01
0.95161290,0.14516129,5.183797414697e-01
0.98387097,0.14516129,5.101084436933e-01
1.00000000,0.14516129,5.000000000000e-01
0.00000000,0.17741935,1.000000000000e+00
0.01612903,0.17741935,9.246539453919e-01
0.04838710,0.17741935,8.838418750914e-01
0.08064516,0.17741935,8.427491749444e-01
0.11290323,0.17741935,8.086940165211e-01
0.14516129,0.17741935,7.806187607596e-01
0.17741935,0.17741935,7.570317618961e-01
0.20967742,0.17741935,7.368158765981e-01
0.24193548,0.17741935,7.191334705661e-01
0.27419355,0.17741935,7.033789428398e-01
0.30645161,0.17741935,6.891301999223e-01
0.33870968,0.17741935,6.760988130627e-01
0.37096774,0.17741935,6.640864940004e-01
0.40322581,0.17741935,6.529521375826e-01
0.43548387,0.17741935,6.425894491286e-01
0.46774194,0.17741935,6.329129478631e-01
0.50000000,0.17741935,6.238496540866e-01
0.53225806,0.17741935,6.153341135401e-01
0.56451613,0.17741935,6.073051573384e-01
0.59677419,0.17741935,5.997031773260e-01
0.62903226,0.17741935,5.924678348791e-01
0.66129032,0.17741935,5.855347449619e-01
0.69354839,0.17741935,5.788352151577e-01
0.72580645,0.17741935,5.722909408891e-01
0.75806452,0.17741935,5.658354973371e-01
0.79032258,0.17741935,5.593284437935e-01
0.82258065,0.17741935,5.526414251957e-01
0.85483871,0.17741935,5.456091902653e-01
0.88709677,0.17741935,5.380139331351e-01
0.91935484,0.17741935,5.295741418370e-01
0.95161290,0.17741935,5.204994485101e-01
0.98387097,0.17741935,5.112046401882e-01
1.00000000,0.17741935,5.000000000000e-01
0.00000000,0.20967742,1.000000000000e+00
0.01612903,0.20967742,9.301505922989e-01
0.04838710,0.20967742,8.915771162291e-01
0.08064516,0.20967742,8.529835351237e-01
0.11290323,0.20967742,8.206992545507e-01
0.14516129,0.20967742,7.937280431814e-01
0.17741935,0.20967742,7.707250595733e-01
0.20967742,0.20967742,7.507111460007e-01
0.24193548,0.20967742,7.329619122359e-01
0.27419355,0.20967742,7.169568610589e-01
0.30645161,0.20967742,7.023350034938e-01
0.33870968,0.20967742,6.888510826896e-01
0.37096774,0.20967742,6.763373178310e-01
0.40322581,0.20967742,6.646741868129e-01
0.43548387,0.20967742,6.537704786750e-01
0.46774194,0.20967742,6.435508509818e-01
0.50000000,0.20967742,6.339485737702e-01
0.53225806,0.20967742,6.249013492845e-01
0.56451613,0.20967742,6.163487157461e-01
0.59677419,0.20967742,6.082298474849e-01
0.62903226,0.20967742,6.004816572303e-01
0.66129032,0.20967742,5.930359636743e-01
0.69354839,0.20967742,5.858194390637e-01
0.72580645,0.20967742,5.787509271981e-01
0.75806452,0.20967742,5.717552066487e-01
0.79032258,0.20967742,5.646776190237e-01
0.82258065,0.20967742,5.573882101006e-01
0.85483871,0.20967742,5.497061798943e-01
0.88709677,0.20967742,5.413997008361e-01
0.91935484,0.20967742,5.321707999868e-01
0.95161290,0.20967742,5.222670078778e-01
0.98387097,0.20967742,5.121312384882e-01
1.00000000,0.20967742,5.000000000000e-01
0.00000000,0.24193548,1.000000000000e+00
0.01612903,0.24193548,9.336387187123e-01
0.04838710,0.24193548,8.966853294728e-01
0.08064516,0.24193548,8.599373666979e-01
0.11290323,0.24193548,8.290696498702e-01
0.14516129,0.24193548,8.030850568663e-01
0.17741935,0.24193548,7.807067178123e-01
0.20967742,0.24193548,7.610264532306e-01
0.24193548,0.24193548,7.433866546094e-01
0.27419355,0.24193548,7.273239680260e-01
0.30645161,0.24193548,7.125232811408e-01
0.33870968,0.24193548,6.987748951212e-01
0.37096774,0.24193548,6.859381292364e-01
0.40322581,0.24193548,6.739138846254e-01
0.43548387,0.24193548,6.626260680778e-01
0.46774194,0.24193548,6.520101420319e-01
0.50000000,0.24193548,6.420066190924e-01
0.53225806,0.24193548,6.325575028803e-01
0.56451613,0.24193548,6.236042335798e-01
0.59677419,0.24193548,6.150859893447e-01
0.62903226,0.24193548,6.069381450202e-01
0.66129032,0.24193548,5.990900474245e-01
0.69354839,0.24193548,5.914648897571e-01
0.72580645,0.24193548,5.839807150397e-01
0.75806452,0.24193548,5.765524284967e-01
0.79032258,0.24193548,5.690174858817e-01
0.82258065,0.24193548,5.612429949457e-01
0.85483871,0.24193548,5.530363377651e-01
0.88709677,0.24193548,5.441546919796e-01
0.91935484,0.24193548,5.342866828597e-01
0.95161290,0.24193548,5.237098323643e-01
0.98387097,0.24193548,5.128930492468e-01
1.00000000,0.24193548,5.000000000000e-01
0.00000000,0.27419355,1.000000000000e+00
0.01612903,0.27419355,9.359189125766e-01
0.04838710,0.27419355,9.001599303477e-01
0.08064516,0.27419355,8.647711155016e-01
0.11290323,0.27419355,8.350044496306e-01
0.14516129,0.27419355,8.098422373672e-01
0.17741935,0.27419355,7.880393588332e-01
0.20967742,0.27419355,7.687222628165e-01
0.24193548,0.27419355,7.512701033217e-01
0.27419355,0.27419355,7.352551841930e-01
0.30645161,0.27419355,7.203942809128e-01
0.33870968,0.27419355,7.065046219219e-01
0.37096774,0.27419355,6.934674219082e-01
0.40322581,0.27419355,6.812009089531e-01
0.43548387,0.27419355,6.696423490481e-01
0.46774194,0.27419355,6.587371690089e-01
0.50000000,0.27419355,6.484329640718e-01
0.53225806,0.27419355,6.386764051700e-01
0.56451613,0.27419355,6.294115983447e-01
0.59677419,0.27419355,6.205787860638e-01
0.62903226,0.27419355,6.121130480697e-01
0.66129032,0.27419355,6.039426989344e-01
0.69354839,0.27419355,5.959887104215e-01
0.72580645,0.27419355,5.881698675285e-01
0.75806452,0.27419355,5.803909901000e-01
0.79032258,0.27419355,5.724879961525e-01
0.82258065,0.27419355,5.643224968363e-01
0.85483871,0.27419355,5.556937273050e-01
0.88709677,0.27419355,5.463503994949e-01
0.91935484,0.27419355,5.359706956321e-01
0.95161290,0.27419355,5.248565997459e-01
0.98387097,0.27419355,5.134987210183e-01
1.00000000,0.27419355,5.000000000000e-01
0.00000000,0.30645161,1.000000000000e+00
0.01612903,0.30645161,9.374510450839e-01
0.04838710,0.30645161,9.025816321629e-01
0.08064516,0.30645161,8.681933057761e-01
0.11290323,0.30645161,8.392690444174e-01
0.14516129,0.30645161,8.147665987380e-01
0.17741935,0.30645161,7.934559302321e-01
0.20967742,0.30645161,7.744794944823e-01
0.24193548,0.30645161,7.572356035023e-01
0.27419355,0.30645161,7.413178188899e-01
0.30645161,0.30645161,7.264641354163e-01
0.33870968,0.30645161,7.125111870793e-01
0.37096774,0.30645161,6.993568133401e-01
0.40322581,0.30645161,6.869328114796e-01
0.43548387,0.30645161,6.751871126291e-01
0.46774194,0.30645161,6.640732597782e-01
0.50000000,0.30645161,6.535448313851e-01
0.53225806,0.30645161,6.435527507672e-01
0.56451613,0.30645161,6.340439787745e-01
0.59677419,0.30645161,6.249605129402e-01
0.62903226,0.30645161,6.162381965819e-01
0.66129032,0.30645161,6.078055990826e-01
0.69354839,0.30645161,5.995827977538e-01
0.72580645,0.30645161,5.914902047994e-01
0.75806452,0.30645161,5.834245918654e-01
0.79032258,0.30645161,5.752226515626e-01
0.82258065,0.30645161,5.667410812027e-01
0.85483871,0.30645161,5.577733846995e-01
0.88709677,0.30645161,5.480620041074e-01
0.91935484,0.30645161,5.372774486607e-01
0.95161290,0.30645161,5.257421839566e-01
0.98387097,0.30645161,5.139633868351e-01
1.00000000,0.30645161,5.000000000000e-01
0.00000000,0.33870968,1.000000000000e+00
0.01612903,0.33870968,9.385020354369e-01
0.04838710,0.33870968,9.042955787187e-01
0.08064516,0.33870968,8.706417378936e-01
0.11290323,0.33870968,8.423531773849e-01
0.14516129,0.33870968,8.183655756214e-01
0.17741935,0.33870968,7.974561291202e-01
0.20967742,0.33870968,7.787740340557e-01
0.24193548,0.33870968,7.617270132625e-01
0.27419355,0.33870968,7.459209808534e-01
0.30645161,0.33870968,7.311078194056e-01
0.33870968,0.33870968,7.171378447250e-01
0.37096774,0.33870968,7.039210714626e-01
0.40322581,0.33870968,6.913993273691e-01
0.43548387,0.33870968,6.795283571126e-01
0.46774194,0.33870968,6.682675827057e-01
0.50000000,0.33870968,6.575749546397e-01
0.53225806,0.33870968,6.474046843873e-01
0.56451613,0.33870968,6.377062533477e-01
0.59677419,0.33870968,6.284236395082e-01
0.62903226,0.33870968,6.194941272183e-01
0.66129032,0.33870968,6.108474983818e-01
0.69354839,0.33870968,6.024040905911e-01
0.72580645,0.33870968,5.940865537768e-01
0.75806452,0.33870968,5.857859618588e-01
0.79032258,0.33870968,5.773409607665e-01
0.82258065,0.33870968,5.686045387824e-01
0.85483871,0.33870968,5.593663912986e-01
0.88709677,0.33870968,5.493646085759e-01
0.91935484,0.33870968,5.382644520768e-01
0.95161290,0.33870968,5.264056849646e-01
0.98387097,0.33870968,5.143070975807e-01
1.00000000,0.33870968,5.000000000000e-01
0.00000000,0.37096774,1.000000000000e+00
0.01612903,0.37096774,9.392293021819e-01
0.04838710,0.37096774,9.055109393136e-01
0.08064516,0.37096774,8.723902761904e-01
0.11290323,0.37096774,8.445722236744e-01
0.14516129,0.37096774,8.209749755878e-01
0.17741935,0.37096774,8.003791923854e-01
0.20967742,0.37096774,7.819363264328e-01
0.24193548,0.37096774,7.650583257988e-01
0.27419355,0.37096774,7.493581773411e-01
0.30645161,0.37096774,7.345968510675e-01
0.33870968,0.37096774,7.206342549114e-01
0.37096774,0.37096774,7.073891487963e-01
0.40322581,0.37096774,6.948104752042e-01
0.43548387,0.37096774,6.828592899290e-01
0.46774194,0.37096774,6.714987906432e-01
0.50000000,0.37096774,6.606896396559e-01
0.53225806,0.37096774,6.503881707363e-01
0.56451613,0.37096774,6.405457344608e-01
0.59677419,0.37096774,6.311081203187e-01
0.62903226,0.37096774,6.220143074785e-01
0.66129032,0.37096774,6.131958166259e-01
0.69354839,0.37096774,6.045740478450e-01
0.72580645,0.37096774,5.960742074390e-01
0.75806452,0.37096774,5.875837742435e-01
0.79032258,0.37096774,5.789438720490e-01
0.82258065,0.37096774,5.700050318080e-01
0.85483871,0.37096774,5.605546794909e-01
0.88709677,0.37096774,5.503281384569e-01
0.91935484,0.37096774,5.389873691425e-01
0.95161290,0.37096774,5.268865040531e-01
0.98387097,0.37096774,5.145517853077e-01
1.00000000,0.37096774,5.000000000000e-01
0.00000000,0.40322581,1.000000000000e+00
0.01612903,0.40322581,9.397266653024e-01
0.04838710,0.40322581,9.063555135211e-01
0.08064516,0.40322581,8.736103778018e-01
0.11290323,0.40322581,8.461281161950e-01
0.14516129,0.40322581,8.228142296694e-01
0.17741935,0.40322581,8.024510334952e-01
0.20967742,0.40322581,7.841902386572e-01
0.24193548,0.40322581,7.674453942469e-01
0.27419355,0.40322581,7.518334747281e-01
0.30645161,0.40322581,7.371213821788e-01
0.33870968,0.40322581,7.231756820795e-01
0.37096774,0.40322581,7.099212855921e-01
0.40322581,0.40322581,6.973119979282e-01
0.43548387,0.40322581,6.853122420160e-01
0.46774194,0.40322581,6.738873371295e-01
0.50000000,0.40322581,6.629993008352e-01
0.53225806,0.40322581,6.526055477481e-01
0.56451613,0.40322581,6.426585824248e-01
0.59677419,0.40322581,6.331056024145e-01
0.62903226,0.40322581,6.238871750927e-01
0.66129032,0.40322581,6.149366463342e-01
0.69354839,0.40322581,6.061768358844e-01
0.72580645,0.40322581,5.975354566892e-01
0.75806452,0.40322581,5.888980016179e-01
0.79032258,0.40322581,5.801081213751e-01
0.82258065,0.40322581,5.710149097270e-01
0.85483871,0.40322581,5.614046314961e-01
0.88709677,0.40322581,5.510110377506e-01
0.91935484,0.40322581,5.394942083921e-01
0.95161290,0.40322581,5.272196231864e-01
0.98387097,0.40322581,5.147181054188e-01
1.00000000,0.40322581,5.000000000000e-01
0.00000000,0.43548387,1.000000000000e+00
0.01612903,0.43548387,9.400509101665e-01
0.04838710,0.43548387,9.069108707383e-01
0.08064516,0.43548387,8.744143950284e-01
0.11290323,0.43548387,8.471565794121e-01
0.14516129,0.43548387,8.240345035715e-01
0.17741935,0.43548387,8.038312087136e-01
0.20967742,0.43548387,7.856979250517e-01
0.24193548,0.43548387,7.690485345498e-01
0.27419355,0.43548387,7.535021599103e-01
0.30645161,0.43548387,7.388294383132e-01
0.33870968,0.43548387,7.249013499902e-01
0.37096774,0.43548387,7.116469153684e-01
0.40322581,0.43548387,6.990230803291e-01
0.43548387,0.43548387,6.869962449271e-01
0.46774194,0.43548387,6.755327453823e-01
0.50000000,0.43548387,6.645950722568e-01
0.53225806,0.43548387,6.541410065812e-01
0.56451613,0.43548387,6.441236268728e-01
0.59677419,0.43548387,6.344910713468e-01
0.62903226,0.43548387,6.251851538667e-01
0.66129032,0.43548387,6.161407760369e-01
0.69354839,0.43548387,6.072821159354e-01
0.72580645,0.43548387,5.985390042814e-01
0.75806452,0.43548387,5.897959811451e-01
0.79032258,0.43548387,5.808989158356e-01
0.82258065,0.43548387,5.716961916808e-01
0.85483871,0.43548387,5.619736017310e-01
0.88709677,0.43548387,5.514641606232e-01
0.91935484,0.43548387,5.398270257171e-01
0.95161290,0.43548387,5.274358912088e-01
0.98387097,0.43548387,5.148241142030e-01
1.00000000,0.43548387,5.000000000000e-01
0.00000000,0.46774194,1.000000000000e+00
0.01612903,0.46774194,9.402350394293e-01
0.04838710,0.46774194,9.072286480515e-01
0.08064516,0.46774194,8.748739058422e-01
0.11290323,0.46774194,8.477443225473e-01
0.14516129,0.46774194,8.247324442135e-01
0.17741935,0.46774194,8.046218591524e-01
0.20967742,0.46774194,7.865632749000e-01
0.24193548,0.46774194,7.699704710382e-01
0.27419355,0.46774194,7.544636227179e-01
0.30645161,0.46774194,7.398154376927e-01
0.33870968,0.46774194,7.258994318335e-01
0.37096774,0.46774194,7.126469993272e-01
0.40322581,0.46774194,7.000168569779e-01
0.43548387,0.46774194,6.879764328478e-01
0.46774194,0.46774194,6.764924769825e-01
0.50000000,0.46774194,6.655275585886e-01
0.53225806,0.46774194,6.550395013857e-01
0.56451613,0.46774194,6.449816093745e-01
0.59677419,0.46774194,6.353025407549e-01
0.62903226,0.46774194,6.259448874294e-01
0.66129032,0.46774194,6.168445755167e-01
0.69354839,0.46774194,6.079267325598e-01
0.72580645,0.46774194,5.991225789960e-01
0.75806452,0.46774194,5.903163046108e-01
0.79032258,0.46774194,5.813552728386e-01
0.82258065,0.46774194,5.720875965476e-01
0.85483871,0.46774194,5.622989027905e-01
0.88709677,0.46774194,5.517218490770e-01
0.91935484,0.46774194,5.400151716206e-01
0.95161290,0.46774194,5.275573947441e-01
0.98387097,0.46774194,5.148827912999e-01
1.00000000,0.46774194,5.000000000000e-01
0.00000000,0.50000000,1.000000000000e+00
0.01612903,0.50000000,9.402996081063e-01
0.04838710,0.50000000,9.073587237122e-01
0.08064516,0.50000000,8.750654748274e-01
0.11290323,0.50000000,8.479936408758e-01
0.14516129,0.50000000,8.250330097069e-01
0.17741935,0.50000000,8.049663846443e-01
0.20967742,0.50000000,7.869437449600e-01
0.24193548,0.50000000,7.703788001987e-01
0.27419355,0.50000000,7.548922304406e-01
0.30645161,0.50000000,7.402576400965e-01
0.33870968,0.50000000,7.263496254328e-01
0.37096774,0.50000000,7.131005861633e-01
0.40322581,0.50000000,7.004699728147e-01
0.43548387,0.50000000,6.884256069813e-01
0.46774194,0.50000000,6.769343484359e-01
0.50000000,0.50000000,6.659587236900e-01
0.53225806,0.50000000,6.554565070899e-01
0.56451613,0.50000000,6.453810566113e-01
0.59677419,0.50000000,6.356812459114e-01
0.62903226,0.50000000,6.263000282016e-01
0.66129032,0.50000000,6.171738285095e-01
0.69354839,0.50000000,6.082282504879e-01
0.72580645,0.50000000,5.993952355667e-01
0.75806452,0.50000000,5.905587450349e-01
0.79032258,0.50000000,5.815669144434e-01
0.82258065,0.50000000,5.722677905071e-01
0.85483871,0.50000000,5.624471794369e-01
0.88709677,0.50000000,5.518378287456e-01
0.91935484,0.50000000,5.400985626178e-01
0.95161290,0.50000000,5.276103727352e-01
0.98387097,0.50000000,5.149044988105e-01
1.00000000,0.50000000,5.000000000000e-01
0.00000000,0.53225806,1.000000000000e+00
0.01612903,0.53225806,9.402347850113e-01
0.04838710,0.53225806,9.072297472540e-01
0.08064516,0.53225806,8.748757571798e-01
0.11290323,0.53225806,8.477469683110e-01
0.14516129,0.53225806,8.247358554944e-01
0.17741935,0.53225806,8.046259881175e-01
0.20967742,0.53225806,7.865680818378e-01
0.24193548,0.53225806,7.699758977352e-01
0.27419355,0.53225806,7.544695934534e-01
0.30645161,0.53225806,7.398218699542e-01
0.33870968,0.53225806,7.259062427608e-01
0.37096774,0.53225806,7.126541081448e-01
0.40322581,0.53225806,7.000241844114e-01
0.43548387,0.53225806,6.879838990048e-01
0.46774194,0.53225806,6.764999993419e-01
0.50000000,0.53225806,6.655350513099e-01
0.53225806,0.53225806,6.550468764362e-01
0.56451613,0.53225806,6.449887791500e-01
0.59677419,0.53225806,6.353094216809e-01
0.62903226,0.53225806,6.259514031272e-01
0.66129032,0.53225806,6.168506605517e-01
0.69354839,0.53225806,6.079323321030e-01
0.72580645,0.53225806,5.991276578332e-01
0.75806452,0.53225806,5.903208195054e-01
0.79032258,0.53225806,5.813592089851e-01
0.82258065,0.53225806,5.720909347614e-01
0.85483871,0.53225806,5.623016298617e-01
0.88709677,0.53225806,5.517239529802e-01
0.91935484,0.53225806,5.400166430047e-01
0.95161290,0.53225806,5.275582869868e-01
0.98387097,0.53225806,5.148829018388e-01
1.00000000,0.53225806,5.000000000000e-01
0.00000000,0.56451613,1.000000000000e+00
0.01612903,0.56451613,9.400497411851e-01
0.04838710,0.56451613,9.069108639919e-01
0.08064516,0.56451613,8.744146254066e-01
0.11290323,0.56451613,8.471571441200e-01
0.14516129,0.56451613,8.240354543841e-01
0.17741935,0.56451613,8.038325846032e-01
0.20967742,0.56451613,7.856997485755e-01
0.24193548,0.56451613,7.690508128161e-01
0.27419355,0.56451613,7.535048768328e-01
0.30645161,0.56451613,7.388325599740e-01
0.33870968,0.56451613,7.249048311303e-01
0.37096774,0.56451613,7.116507037769e-01
0.40322581,0.56451613,6.990271189148e-01
0.43548387,0.56451613,6.870004723390e-01
0.46774194,0.56451613,6.755370963294e-01
0.50000000,0.56451613,6.645994783922e-01
0.53225806,0.56451613,6.541453983142e-01
0.56451613,0.56451613,6.441279358719e-01
0.59677419,0.56451613,6.344952334879e-01
0.62903226,0.56451613,6.251891115254e-01
0.66129032,0.56451613,6.161444809427e-01
0.69354839,0.56451613,6.072855283787e-01
0.72580645,0.56451613,5.985420998728e-01
0.75806452,0.56451613,5.897987299109e-01
0.79032258,0.56451613,5.809013094377e-01
0.82258065,0.56451613,5.716982182180e-01
0.85483871,0.56451613,5.619752494914e-01
0.88709677,0.56451613,5.514654173331e-01
0.91935484,0.56451613,5.398278777258e-01
0.95161290,0.56451613,5.274363784721e-01
0.98387097,0.56451613,5.148239861715e-01
1.00000000,0.56451613,5.000000000000e-01
0.00000000,0.59677419,1.000000000000e+00
0.01612903,0.59677419,9.397244517576e-01
0.04838710,0.59677419,9.063547992584e-01
0.08064516,0.59677419,8.736097551279e-01
0.11290323,0.59677419,8.461278402511e-01
0.14516129,0.59677419,8.228144548186e-01
0.17741935,0.59677419,8.024518771262e-01
0.20967742,0.59677419,7.841917618452e-01
0.24193548,0.59677419,7.674476186654e-01
0.27419355,0.59677419,7.518363843729e-01
0.30645161,0.59677419,7.371249303887e-01
0.33870968,0.59677419,7.231798007996e-01
0.37096774,0.59677419,7.099258932226e-01
0.40322581,0.59677419,6.973170047795e-01
0.43548387,0.59677419,6.853175538153e-01
0.46774194,0.59677419,6.738928574788e-01
0.50000000,0.59677419,6.630049333753e-01
0.53225806,0.59677419,6.526111984523e-01
0.56451613,0.59677419,6.426641619107e-01
0.59677419,0.59677419,6.331110283589e-01
0.62903226,0.59677419,6.238923735294e-01
0.66129032,0.59677419,6.149415542625e-01
0.69354839,0.59677419,6.061813984950e-01
0.72580645,0.59677419,5.975396391022e-01
0.75806452,0.59677419,5.889017517083e-01
0.79032258,0.59677419,5.801114169829e-01
0.82258065,0.59677419,5.710177214273e-01
0.85483871,0.59677419,5.614069329837e-01
0.88709677,0.59677419,5.510128032874e-01
0.91935484,0.59677419,5.394954159253e-01
0.95161290,0.59677419,5.272203274755e-01
0.98387097,0.59677419,5.147179395894e-01
1.00000000,0.59677419,5.000000000000e-01
0.00000000,0.62903226,1.000000000000e+00
0.01612903,0.62903226,9.392255517053e-01
0.04838710,0.62903226,9.055090648474e-01
0.08064516,0.62903226,8.723881374705e-01
0.11290323,0.62903226,8.445702448235e-01
0.14516129,0.62903226,8.209734197934e-01
0.17741935,0.62903226,8.003782565981e-01
0.20967742,0.62903226,7.819361298990e-01
0.24193548,0.62903226,7.650589195728e-01
0.27419355,0.62903226,7.493595553750e-01
0.30645161,0.62903226,7.345989632508e-01
0.33870968,0.62903226,7.206370210841e-01
0.37096774,0.62903226,7.073924712538e-01
0.40322581,0.62903226,6.948142485154e-01
0.43548387,0.62903226,6.828634080430e-01
0.46774194,0.62903226,6.715031517275e-01
0.50000000,0.62903226,6.606941491426e-01
0.53225806,0.62903226,6.503927430373e-01
0.56451613,0.62903226,6.405502935381e-01
0.59677419,0.62903226,6.311125997637e-01
0.62903226,0.62903226,6.220186492205e-01
0.66129032,0.62903226,6.131999716646e-01
0.69354839,0.62903226,6.045779712481e-01
0.72580645,0.62903226,5.960778712078e-01
0.75806452,0.62903226,5.875871259403e-01
0.79032258,0.62903226,5.789468863193e-01
0.82258065,0.62903226,5.700076700719e-01
0.85483871,0.62903226,5.605568997948e-01
0.88709677,0.62903226,5.503298932282e-01
0.91935484,0.62903226,5.389886090025e-01
0.95161290,0.62903226,5.268872503145e-01
0.98387097,0.62903226,5.145516036804e-01
1.00000000,0.62903226,5.000000000000e-01
0.00000000,0.66129032,1.000000000000e+00
0.01612903,0.66129032,9.384961328856e-01
0.04838710,0.66129032,9.042924318265e-01
0.08064516,0.66129032,8.706381279293e-01
0.11290323,0.66129032,8.423498003157e-01
0.14516129,0.66129032,8.183628340959e-01
0.17741935,0.66129032,7.974542946332e-01
0.20967742,0.66129032,7.787732525647e-01
0.24193548,0.66129032,7.617273234534e-01
0.27419355,0.66129032,7.459223398320e-01
0.30645161,0.66129032,7.311101287969e-01
0.33870968,0.66129032,7.171409737848e-01
0.37096774,0.66129032,7.039248756175e-01
0.40322581,0.66129032,6.914036618309e-01
0.43548387,0.66129032,6.795330859831e-01
0.46774194,0.66129032,6.682725842637e-01
0.50000000,0.66129032,6.575801235049e-01
0.53225806,0.66129032,6.474099313463e-01
0.56451613,0.66129032,6.377115034181e-01
0.59677419,0.66129032,6.284288294264e-01
0.62903226,0.66129032,6.194992016135e-01
0.66129032,0.66129032,6.108524092026e-01
0.69354839,0.66129032,6.024087897553e-01
0.72580645,0.66129032,5.940910108714e-01
0.75806452,0.66129032,5.857901084244e-01
0.79032258,0.66129032,5.773447597501e-01
0.82258065,0.66129032,5.686079321768e-01
0.85483871,0.66129032,5.593693138879e-01
0.88709677,0.66129032,5.493669845146e-01
0.91935484,0.66129032,5.382661979819e-01
0.95161290,0.66129032,5.264067890957e-01
0.98387097,0.66129032,5.143070781455e-01
1.00000000,0.66129032,5.000000000000e-01
0.00000000,0.69354839,1.000000000000e+00
0.01612903,0.69354839,9.374421162633e-01
0.04838710,0.69354839,9.025768391357e-01
0.08064516,0.69354839,8.681879151393e-01
0.11290323,0.69354839,8.392641692912e-01
0.14516129,0.69354839,8.147627987783e-01
0.17741935,0.69354839,7.934535272640e-01
0.20967742,0.69354839,7.744786115835e-01
0.24193548,0.69354839,7.572362117876e-01
0.27419355,0.69354839,7.413197884342e-01
0.30645161,0.69354839,7.264672803220e-01
0.33870968,0.69354839,7.125152997631e-01
0.37096774,0.69354839,6.993616881457e-01
0.40322581,0.69354839,6.869382594387e-01
0.43548387,0.69354839,6.751929693821e-01
0.46774194,0.69354839,6.640793883365e-01
0.50000000,0.69354839,6.535511210569e-01
0.53225806,0.69354839,6.435591135126e-01
0.56451613,0.69354839,6.340503439388e-01
0.59677419,0.69354839,6.249668219127e-01
0.62903226,0.69354839,6.162443967138e-01
0.66129032,0.69354839,6.078116421659e-01
0.69354839,0.69354839,5.995886310090e-01
0.72580645,0.69354839,5.914957942694e-01
0.75806452,0.69354839,5.834298506849e-01
0.79032258,0.69354839,5.752275298599e-01
0.82258065,0.69354839,5.667455003472e-01
0.85483871,0.69354839,5.577772542801e-01
0.88709677,0.69354839,5.480652168951e-01
0.91935484,0.69354839,5.372798816108e-01
0.95161290,0.69354839,5.257437811206e-01
0.98387097,0.69354839,5.139636933663e-01
1.00000000,0.69354839,5.000000000000e-01
0.00000000,0.72580645,1.000000000000e+00
0.01612903,0.72580645,9.359059792789e-01
0.04838710,0.72580645,9.001532284352e-01
0.08064516,0.72580645,8.647639044845e-01
0.11290323,0.72580645,8.349984892636e-01
0.14516129,0.72580645,8.098382357806e-01
0.17741935,0.72580645,7.880376137049e-01
0.20967742,0.72580645,7.687227722549e-01
0.24193548,0.72580645,7.512726716311e-01
0.27419355,0.72580645,7.352595143005e-01
0.30645161,0.72580645,7.204000429041e-01
0.33870968,0.72580645,7.065114962290e-01
0.37096774,0.72580645,6.934751227013e-01
0.40322581,0.72580645,6.812091941042e-01
0.43548387,0.72580645,6.696510216362e-01
0.46774194,0.72580645,6.587460736740e-01
0.50000000,0.72580645,6.484419803133e-01
0.53225806,0.72580645,6.386854392032e-01
0.56451613,0.72580645,6.294205745460e-01
0.59677419,0.72580645,6.205876394484e-01
0.62903226,0.72580645,6.121217171117e-01
0.66129032,0.72580645,6.039511238040e-01
0.69354839,0.72580645,5.959968238785e-01
0.72580645,0.72580645,5.881776251063e-01
0.75806452,0.72580645,5.803982796271e-01
0.79032258,0.72580645,5.724947516478e-01
0.82258065,0.72580645,5.643286196491e-01
0.85483871,0.72580645,5.556991039950e-01
0.88709677,0.72580645,5.463548954501e-01
0.91935484,0.72580645,5.359741526410e-01
0.95161290,0.72580645,5.248589208373e-01
0.98387097,0.72580645,5.134995676988e-01
1.00000000,0.72580645,5.000000000000e-01
0.00000000,0.75806452,1.000000000000e+00
0.01612903,0.75806452,9.336210411810e-01
0.04838710,0.75806452,8.966767268998e-01
0.08064516,0.75806452,8.599287737765e-01
0.11290323,0.75806452,8.290637456334e-01
0.14516129,0.75806452,8.030825946845e-01
0.17741935,0.75806452,7.807077905881e-01
0.20967742,0.75806452,7.610307499522e-01
0.24193548,0.75806452,7.433936651246e-01
0.27419355,0.75806452,7.273331290135e-01
0.30645161,0.75806452,7.125340624126e-01
0.33870968,0.75806452,6.987868391326e-01
0.37096774,0.75806452,6.859508618628e-01
0.40322581,0.75806452,6.739271107054e-01
0.43548387,0.75806452,6.626395601384e-01
0.46774194,0.75806452,6.520237267551e-01
0.50000000,0.75806452,6.420201636505e-01
0.53225806,0.75806452,6.325709024397e-01
0.56451613,0.75806452,6.236174004722e-01
0.59677419,0.75806452,6.150988445471e-01
0.62903226,0.75806452,6.069506115589e-01
0.66129032,0.75806452,5.991020478659e-01
0.69354839,0.75806452,5.914763404554e-01
0.72580645,0.75806452,5.839915557063e-01
0.75806452,0.75806452,5.765625338411e-01
0.79032258,0.75806452,5.690267647823e-01
0.82258065,0.75806452,5.612513446615e-01
0.85483871,0.75806452,5.530436328340e-01
0.88709677,0.75806452,5.441607842351e-01
0.91935484,0.75806452,5.342913938789e-01
0.95161290,0.75806452,5.237130326480e-01
0.98387097,0.75806452,5.128946458158e-01
1.00000000,0.75806452,5.000000000000e-01
0.00000000,0.79032258,1.000000000000e+00
0.01612903,0.79032258,9.301288485143e-01
0.04838710,0.79032258,8.915677132708e-01
0.08064516,0.79032258,8.529754805289e-01
0.11290323,0.79032258,8.206964361170e-01
0.14516129,0.79032258,7.937309322712e-01
0.17741935,0.79032258,7.707331734763e-01
0.20967742,0.79032258,7.507235661524e-01
0.24193548,0.79032258,7.329776205727e-01
0.27419355,0.79032258,7.169749255343e-01
0.30645161,0.79032258,7.023546524842e-01
0.33870968,0.79032258,6.888717126652e-01
0.37096774,0.79032258,6.763584720385e-01
0.40322581,0.79032258,6.646955252398e-01
0.43548387,0.79032258,6.537917488968e-01
0.46774194,0.79032258,6.435718635016e-01
0.50000000,0.79032258,6.339691821137e-01
0.53225806,0.79032258,6.249214347511e-01
0.56451613,0.79032258,6.163681761080e-01
0.59677419,0.79032258,6.082485889169e-01
0.62903226,0.79032258,6.004995897029e-01
0.66129032,0.79032258,5.930529964268e-01
0.69354839,0.79032258,5.858354813353e-01
0.72580645,0.79032258,5.787659022931e-01
0.75806452,0.79032258,5.717690119124e-01
0.79032258,0.79032258,5.646901190784e-01
0.82258065,0.79032258,5.573993284514e-01
0.85483871,0.79032258,5.497158011219e-01
0.88709677,0.79032258,5.414076871145e-01
0.91935484,0.79032258,5.321769773476e-01
0.95161290,0.79032258,5.222712245481e-01
0.98387097,0.79032258,5.121338109015e-01
1.00000000,0.79032258,5.000000000000e-01
0.00000000,0.82258065,1.000000000000e+00
0.01612903,0.82258065,9.246331590771e-01
0.04838710,0.82258065,8.838355712033e-01
0.08064516,0.82258065,8.427469592149e-01
0.11290323,0.82258065,8.087010810941e-01
0.14516129,0.82258065,7.806345290951e-01
0.17741935,0.82258065,7.570545282605e-01
0.20967742,0.82258065,7.368437155180e-01
0.24193548,0.82258065,7.191646701059e-01
0.27419355,0.82258065,7.034121501056e-01
0.30645161,0.82258065,6.891644148760e-01
0.33870968,0.82258065,6.761333212710e-01
0.37096774,0.82258065,6.641207920681e-01
0.40322581,0.82258065,6.529858702724e-01
0.43548387,0.82258065,6.426223619935e-01
0.46774194,0.82258065,6.329448536557e-01
0.50000000,0.82258065,6.238804094734e-01
0.53225806,0.82258065,6.153636035668e-01
0.56451613,0.82258065,6.073332851755e-01
0.59677419,0.82258065,5.997298569548e-01
0.62903226,0.82258065,5.924929871580e-01
0.66129032,0.82258065,5.855582923398e-01
0.69354839,0.82258065,5.788570842141e-01
0.72580645,0.82258065,5.723110611572e-01
0.75806452,0.82258065,5.658538027647e-01
0.79032258,0.82258065,5.593448224679e-01
0.82258065,0.82258065,5.526558224742e-01
0.85483871,0.82258065,5.456215236296e-01
0.88709677,0.82258065,5.380241036558e-01
0.91935484,0.82258065,5.295820117925e-01
0.95161290,0.82258065,5.205048336233e-01
0.98387097,0.82258065,5.112085048418e-01
1.00000000,0.82258065,5.000000000000e-01
0.00000000,0.85483871,1.000000000000e+00
0.01612903,0.85483871,9.157341402391e-01
0.04838710,0.85483871,8.717544954799e-01
0.08064516,0.85483871,8.273303142958e-01
0.11290323,0.85483871,7.912121722982e-01
0.14516129,0.85483871,7.620915007883e-01
0.17741935,0.85483871,7.381650703811e-01
0.20967742,0.85483871,7.180679177585e-01
0.24193548,0.85483871,7.007895559618e-01
0.27419355,0.85483871,6.856118000140e-01
0.30645161,0.85483871,6.720410324664e-01
0.33870968,0.85483871,6.597432368079e-01
0.37096774,0.85483871,6.484906217780e-01
0.40322581,0.85483871,6.381227840145e-01
0.43548387,0.85483871,6.285209390739e-01
0.46774194,0.85483871,6.195919326962e-01
0.50000000,0.85483871,6.112586832761e-01
0.53225806,0.85483871,6.034543678048e-01
0.56451613,0.85483871,5.961185749991e-01
0.59677419,0.85483871,5.891941567964e-01
0.62903226,0.85483871,5.826246359165e-01
0.66129032,0.85483871,5.763507240459e-01
0.69354839,0.85483871,5.703096872112e-01
0.72580645,0.85483871,5.644293348720e-01
0.75806452,0.85483871,5.586477967486e-01
0.79032258,0.85483871,5.528474308397e-01
0.82258065,0.85483871,5.469018708603e-01
0.85483871,0.85483871,5.406652565118e-01
0.88709677,0.85483871,5.339377403716e-01
0.91935484,0.85483871,5.264580051865e-01
0.95161290,0.85483871,5.183866376341e-01
0.98387097,0.85483871,5.101142471643e-01
1.00000000,0.85483871,5.000000000000e-01
0.00000000,0.88709677,1.000000000000e+00
0.01612903,0.88709677,9.009454013016e-01
0.04838710,0.88709677,8.522540279919e-01
0.08064516,0.88709677,8.035488992544e-01
0.11290323,0.88709677,7.653653017009e-01
0.14516129,0.88709677,7.356487319579e-01
0.17741935,0.88709677,7.119879040682e-01
0.20967742,0.88709677,6.926261622133e-01
0.24193548,0.88709677,6.763261258823e-01
0.27419355,0.88709677,6.622436215823e-01
0.30645161,0.88709677,6.498154466168e-01
0.33870968,0.88709677,6.386685470792e-01
0.37096774,0.88709677,6.285527798865e-01
0.40322581,0.88709677,6.192948643640e-01
0.43548387,0.88709677,6.107688562419e-01
0.46774194,0.88709677,6.028781536585e-01
0.50000000,0.88709677,5.955448205414e-01
0.53225806,0.88709677,5.887031159139e-01
0.56451613,0.88709677,5.822952551884e-01
0.59677419,0.88709677,5.762680716017e-01
0.62903226,0.88709677,5.705703039534e-01
0.66129032,0.88709677,5.651492639180e-01
0.69354839,0.88709677,5.599497298063e-01
0.72580645,0.88709677,5.549086546006e-01
0.75806452,0.88709677,5.499692931487e-01
0.79032258,0.88709677,5.450395875138e-01
0.82258065,0.88709677,5.400013094112e-01
0.85483871,0.88709677,5.347316511294e-01
0.88709677,0.88709677,5.290551168303e-01
0.91935484,0.88709677,5.227369588610e-01
0.95161290,0.88709677,5.158749709893e-01
0.98387097,0.88709677,5.088421872097e-01
1.00000000,0.88709677,5.000000000000e-01
0.00000000,0.91935484,1.000000000000e+00
0.01612903,0.91935484,8.758211213235e-01
0.04838710,0.91935484,8.197040803745e-01
0.08064516,0.91935484,7.661772101645e-01
0.11290323,0.91935484,7.269087886453e-01
0.14516129,0.91935484,6.979144918992e-01
0.17741935,0.91935484,6.757776914848e-01
0.20967742,0.91935484,6.582478526684e-01
0.24193548,0.91935484,6.438618572765e-01
0.27419355,0.91935484,6.316753692399e-01
0.30645161,0.91935484,6.210822178031e-01
0.33870968,0.91935484,6.116922124186e-01
0.37096774,0.91935484,6.032497308101e-01
0.40322581,0.91935484,5.955813313477e-01
0.43548387,0.91935484,5.885634358829e-01
0.46774194,0.91935484,5.821031385133e-01
0.50000000,0.91935484,5.761270416052e-01
0.53225806,0.91935484,5.705746269116e-01
0.56451613,0.91935484,5.653940154500e-01
0.59677419,0.91935484,5.605387638915e-01
0.62903226,0.91935484,5.559652943976e-01
0.66129032,0.91935484,5.516299990986e-01
0.69354839,0.91935484,5.474878222781e-01
0.72580645,0.91935484,5.434883686734e-01
0.75806452,0.91935484,5.395831583887e-01
0.79032258,0.91935484,5.357067039681e-01
0.82258065,0.91935484,5.317582650335e-01
0.85483871,0.91935484,5.276426982533e-01
0.88709677,0.91935484,5.232186734946e-01
0.91935484,0.91935484,5.182912844197e-01
0.95161290,0.91935484,5.128844722951e-01
0.98387097,0.91935484,5.073656891969e-01
1.00000000,0.91935484,5.000000000000e-01
0.00000000,0.95161290,1.000000000000e+00
0.01612903,0.95161290,8.324610724740e-01
0.04838710,0.95161290,7.637977240269e-01
0.08064516,0.95161290,7.082350110423e-01
0.11290323,0.95161290,6.718422674777e-01
0.14516129,0.95161290,6.466934119098e-01
0.17741935,0.95161290,6.284145272718e-01
0.20967742,0.95161290,6.144795770255e-01
0.24193548,0.95161290,6.033690197559e-01
0.27419355,0.95161290,5.941555473665e-01
0.30645161,0.95161290,5.862697549426e-01
0.33870968,0.95161290,5.793583821215e-01
0.37096774,0.95161290,5.731971430676e-01
0.40322581,0.95161290,5.676378658615e-01
0.43548387,0.95161290,5.625773203998e-01
0.46774194,0.95161290,5.579393654659e-01
0.50000000,0.95161290,5.536648905664e-01
0.53225806,0.95161290,5.497060336569e-01
0.56451613,0.95161290,5.460225989908e-01
0.59677419,0.95161290,5.425794466136e-01
0.62903226,0.95161290,5.393444244779e-01
0.66129032,0.95161290,5.362861689294e-01
0.69354839,0.95161290,5.333728010225e-01
0.72580645,0.95161290,5.305692789013e-01
0.75806452,0.95161290,5.278403585854e-01
0.79032258,0.95161290,5.251440952002e-01
0.82258065,0.95161290,5.224088418156e-01
0.85483871,0.95161290,5.195675652259e-01
0.88709677,0.95161290,5.165224251567e-01
0.91935484,0.95161290,5.131375068768e-01
0.95161290,0.95161290,5.094023232397e-01
0.98387097,0.95161290,5.056538894238e-01
1.00000000,0.95161290,5.000000000000e-01
0.00000000,0.98387097,1.000000000000e+00
0.01612903,0.98387097,7.597144511645e-01
0.04838710,0.98387097,6.887620902318e-01
0.08064516,0.98387097,6.418238259766e-01
0.11290323,0.98387097,6.116390396497e-01
0.14516129,0.98387097,5.916306387110e-01
0.17741935,0.98387097,5.778369577622e-01
0.20967742,0.98387097,5.678866377601e-01
0.24193548,0.98387097,5.603531520189e-01
0.27419355,0.98387097,5.543773613522e-01
0.30645161,0.98387097,5.494414637587e-01
0.33870968,0.98387097,5.452314503369e-01
0.37096774,0.98387097,5.415535355603e-01
0.40322581,0.98387097,5.382841814491e-01
0.43548387,0.98387097,5.353409127507e-01
0.46774194,0.98387097,5.326656813378e-01
0.50000000,0.98387097,5.302155226927e-01
0.53225806,0.98387097,5.279572502975e-01
0.56451613,0.98387097,5.258642760411e-01
0.59677419,0.98387097,5.239144759845e-01
0.62903226,0.98387097,5.220886028153e-01
0.66129032,0.98387097,5.203688724482e-01
0.69354839,0.98387097,5.187379508265e-01
0.72580645,0.98387097,5.171775514098e-01
0.75806452,0.98387097,5.156683793551e-01
0.79032258,0.98387097,5.141869138719e-01
0.82258065,0.98387097,5.127006773451e-01
0.85483871,0.98387097,5.111746108605e-01
0.88709677,0.98387097,5.095629113872e-01
0.91935484,0.98387097,5.078077569713e-01
0.95161290,0.98387097,5.058689030794e-01
0.98387097,0.98387097,5.037706506512e-01
1.00000000,0.98387097,5.000000000000e-01
0.00000000,1.00000000,7.500000000000e-01
0.01612903,1.00000000,5.000000000000e-01
0.04838710,1.00000000,5.000000000000e-01
0.08064516,1.00000000,5.000000000000e-01
0.11290323,1.00000000,5.000000000000e-01
0.14516129,1.00000000,5.000000000000e-01
0.17741935,1.00000000,5.000000000000e-01
0.20967742,1.00000000,5.000000000000e-01
0.24193548,1.00000000,5.000000000000e-01
0.27419355,1.00000000,5.000000000000e-01
0.30645161,1.00000000,5.000000000000e-01
0.33870968,1.00000000,5.000000000000e-01
0.37096774,1.00000000,5.000000000000e-01
0.40322581,1.00000000,5.000000000000e-01
0.43548387,1.00000000,5.000000000000e-01
0.46774194,1.00000000,5.000000000000e-01
0.50000000,1.00000000,5.000000000000e-01
0.53225806,1.00000000,5.000000000000e-01
0.56451613,1.00000000,5.000000000000e-01
0.59677419,1.00000000,5.000000000000e-01
0.62903226,1.00000000,5.000000000000e-01
0.66129032,1.00000000,5.000000000000e-01
0.69354839,1.00000000,5.000000000000e-01
0.72580645,1.00000000,5.000000000000e-01
0.75806452,1.00000000,5.000000000000e-01
0.79032258,1.00000000,5.000000000000e-01
0.82258065,1.00000000,5.000000000000e-01
0.85483871,1.00000000,5.000000000000e-01
0.88709677,1.00000000,5.000000000000e-01
0.91935484,1.00000000,5.000000000000e-01
0.95161290,1.00000000,5.000000000000e-01
0.98387097,1.00000000,5.000000000000e-01
1.00000000,1.00000000,5.000000000000e-01
